{
"parent": "minecraft:item/generated",
"textures": {
"layer0": "minecraft:item/diamond"
},

"overrides": [
{"predicate": {"custom_model_data":5612105}, "model": "minecraft:custom/3drums/drums_chest"},
{"predicate": {"custom_model_data":5660101}, "model": "minecraft:custom/30main_gui/gui1"},
{"predicate": {"custom_model_data":5660102}, "model": "minecraft:custom/30main_gui/gui2"},
{"predicate": {"custom_model_data":5660103}, "model": "minecraft:custom/30main_gui/shop_gui1"},
{"predicate": {"custom_model_data":5660104}, "model": "minecraft:custom/30main_gui/shop_gui2"},
{"predicate": {"custom_model_data":5660105}, "model": "minecraft:custom/30main_gui/stat_gui1"},
{"predicate": {"custom_model_data":5660106}, "model": "minecraft:custom/30main_gui/stat_gui2"},
{"predicate": {"custom_model_data":5670101}, "model": "minecraft:custom/1roulette/gui1"},
{"predicate": {"custom_model_data":5670102}, "model": "minecraft:custom/1roulette/gui2"},
{"predicate": {"custom_model_data":5670103}, "model": "minecraft:custom/2darts/gui1"},
{"predicate": {"custom_model_data":5670104}, "model": "minecraft:custom/2darts/gui2"},
{"predicate": {"custom_model_data":5670105}, "model": "minecraft:custom/3drums/gui1"},
{"predicate": {"custom_model_data":5670106}, "model": "minecraft:custom/3drums/gui2"},
{"predicate": {"custom_model_data":5670107}, "model": "minecraft:custom/4races/gui1"},
{"predicate": {"custom_model_data":5670108}, "model": "minecraft:custom/4races/gui2"},
{"predicate": {"custom_model_data":5670109}, "model": "minecraft:custom/5pyramid/gui1"},
{"predicate": {"custom_model_data":5670110}, "model": "minecraft:custom/5pyramid/gui2"},
{"predicate": {"custom_model_data":5670111}, "model": "minecraft:custom/6stairs/gui1"},
{"predicate": {"custom_model_data":5670112}, "model": "minecraft:custom/6stairs/gui2"},
{"predicate": {"custom_model_data":5670113}, "model": "minecraft:custom/7lottery/gui1"},
{"predicate": {"custom_model_data":5670114}, "model": "minecraft:custom/7lottery/gui2"},
{"predicate": {"custom_model_data":5670115}, "model": "minecraft:custom/8crash/gui1"},
{"predicate": {"custom_model_data":5670116}, "model": "minecraft:custom/8crash/gui2"},
{"predicate": {"custom_model_data":5670117}, "model": "minecraft:custom/9classic/gui1"},
{"predicate": {"custom_model_data":5670118}, "model": "minecraft:custom/9classic/gui2"},
{"predicate": {"custom_model_data":5670119}, "model": "minecraft:custom/10blackjack/gui1"},
{"predicate": {"custom_model_data":5670120}, "model": "minecraft:custom/10blackjack/gui2"},
{"predicate": {"custom_model_data":5670121}, "model": "minecraft:custom/11rockpaperscissors/gui1"},
{"predicate": {"custom_model_data":5670122}, "model": "minecraft:custom/11rockpaperscissors/gui2"},
{"predicate": {"custom_model_data":5670123}, "model": "minecraft:custom/12tictactoe/gui1"},
{"predicate": {"custom_model_data":5670124}, "model": "minecraft:custom/12tictactoe/gui2"},
{"predicate": {"custom_model_data":5670125}, "model": "minecraft:custom/13deadmanschest/gui1"},
{"predicate": {"custom_model_data":5670126}, "model": "minecraft:custom/13deadmanschest/gui2"},
{"predicate": {"custom_model_data":5670127}, "model": "minecraft:custom/14poker/gui1"},
{"predicate": {"custom_model_data":5670128}, "model": "minecraft:custom/14poker/gui2"},
{"predicate": {"custom_model_data":5670129}, "model": "minecraft:custom/15dice/gui1"},
{"predicate": {"custom_model_data":5670130}, "model": "minecraft:custom/15dice/gui2"},
{"predicate": {"custom_model_data":5670131}, "model": "minecraft:custom/16minesweeper/gui1"},
{"predicate": {"custom_model_data":5670132}, "model": "minecraft:custom/16minesweeper/gui2"},
{"predicate": {"custom_model_data":5680101}, "model": "minecraft:custom/40chips/chip_1"},
{"predicate": {"custom_model_data":5680102}, "model": "minecraft:custom/40chips/chip_2"},
{"predicate": {"custom_model_data":5680103}, "model": "minecraft:custom/40chips/chip_3"},
{"predicate": {"custom_model_data":5680104}, "model": "minecraft:custom/40chips/chip_4"},
{"predicate": {"custom_model_data":5680105}, "model": "minecraft:custom/40chips/chip_5"},
{"predicate": {"custom_model_data":5680106}, "model": "minecraft:custom/40chips/chip_6"},
{"predicate": {"custom_model_data":5680107}, "model": "minecraft:custom/40chips/chip_7"},
{"predicate": {"custom_model_data":5680108}, "model": "minecraft:custom/40chips/chip_8"},
{"predicate": {"custom_model_data":5680109}, "model": "minecraft:custom/40chips/chip_9"},
{"predicate": {"custom_model_data":5680110}, "model": "minecraft:custom/40chips/chip_10"}
]
}
